date,AG:HCS,U:EFIV,A:VEFIX,A:VGADX,U:VDE,U:GII,A:IAFX,Z:MZYZ,Z:USMZ,A:BGBLX,U:TEI,@MSFT,Z:NZBB,U:EUAD,U:BBMC,U:SPHY,Z:SSP1,A:ESTXX,@IBIT
2000-01-31,,,,,,,,,,,128.58,50330.68,,,,,,,
2000-02-29,,,,,,,,,,,129.42,45959.69,,,,,,,
2000-03-31,,,,,,,,,,,131.83,54637.39,,,,,,,
2000-04-30,,,,,,,,,,,129.22,35867.84,,,,,,,
2000-05-31,,,,,,,,,,,129.22,32171.78,,,,,,,
2000-06-30,,,,,,,,,,,143.09,41138.74,,,,,,,
2000-07-31,,,,,,,,,,,149.35,35899.98,,,,,,,
2000-08-31,,,,,,,,,,,152.04,35899.98,,,,,,,
2000-09-30,,,,,,,,,,,149.32,31014.75,,,,,,,
2000-10-31,,,,,,,,,,,142.86,35417.88,,,,,,,
2000-11-30,,,,,,,,,,,138.26,29504.19,,,,,,,
2000-12-31,,,,,,,,,,,147.41,22304.91,,,,,,,
2001-01-31,,,,,,,,,,,163.57,31400.43,,,,,,,
2001-02-28,,,,,,,,,,,161.29,30339.82,,,,,,,
2001-03-31,,,,,,,,,,,163.73,28122.18,,,,,,,
2001-04-30,,,,,,,,,,,159.03,34839.37,,,,,,,
2001-05-31,,,,,,,,,,,170.15,35574.72,,,,,,,
2001-06-30,,,,,,,,,,,176.88,37539.1,,,,,,,
2001-07-31,,,,,,,,,,,167.7,34037.16,,,,,,,
2001-08-31,,,,,,,,,,,176.08,29337.06,,,,,,,
2001-09-30,,,,,,,,,,,167.2,26313.37,,,,,,,
2001-10-31,,,,,,,,,,,171.18,29902.72,,,,,,,
2001-11-30,,,,,,,,,,,180.15,33018.98,,,,,,,
2001-12-31,,,,,,,,,,,182.47,34068.02,,,,,,,
2002-01-31,,,,,,,,,,,195.14,32761.86,,,,,,,
2002-02-28,,,,,,,,,,,200.27,30000.43,,,,,,,
2002-03-31,,,,,,,,,,,206.45,31013.46,,,,,,,
2002-04-30,,,,,,,,,,,212.6,26873.88,,,,,,,
2002-05-31,,,,,,,,,,,217.52,26179.66,,,,,,,
2002-06-30,,,,,,,,,,,195.91,28128.61,,,,,,,
2002-07-31,,,,,,,,,,,189.58,24672.96,,,,,,,
2002-08-31,,,,,,,,,,,198.8,25238.61,,,,,,,
2002-09-30,,,,,,,,,,,195.51,22492.6,,,,,,,
2002-10-31,,,,,,,,,,,204.43,27496.1,,,,,,,
2002-11-30,,,,,,,,,,,207.96,29661.03,,,,,,,
2002-12-31,,,,,,,,,,,220.47,26585.91,,,,,,,
2003-01-31,,,,,,,,,,,224.86,24405.55,,,,,,,
2003-02-28,,,,,,,,,,,230.77,24454.2,,,,,,,
2003-03-31,,,,,,,,,,,224.13,24980.42,,,,,,,
2003-04-30,,,,,,,,,,,232.31,26373.38,,,,,,,
2003-05-31,,,,,,,,,,,242.06,25393.14,,,,,,,
2003-06-30,,,,,,,,,,,242.22,26455.93,,,,,,,
2003-07-31,,,,,,,,,,,237.65,27250.43,,,,,,,
2003-08-31,,,,,,,,,,,247.0,27363.93,,,,,,,
2003-09-30,,,,,,,,,,,253.76,28684.66,,,,,,,
2003-10-31,,,,,,,,,,,254.37,27120.3,,,,,,,
2003-11-30,,,,,,,,,,,257.61,26674.16,,,,,,,
2003-12-31,,,,,,,,,,,277.75,28396.42,,,,,,,
2004-01-31,,,,,,,,,,,287.47,28686.92,,,,,,,
2004-02-29,,,,,,,,,,,277.34,27524.92,,,,,,,
2004-03-31,,,,,,,,,,,294.14,25864.91,,,,,,,
2004-04-30,,,,,,,,,,,243.02,27109.91,,,,,,,
2004-05-31,,,,,,,,,,,244.28,27213.67,,,,,,,
2004-06-30,,,,,,,,,,,247.57,29631.05,,,,,,,
2004-07-31,,,,,,,,,,,268.2,29558.41,,,,,,,
2004-08-31,,,,,,,,,,,275.51,28406.97,,,,,,,
2004-09-30,,,,,100.9,,,101.89,,,282.54,28771.17,,,,,,,
2004-10-31,,,,,100.76,,,108.78,,,293.49,29104.13,,,,,,,
2004-11-30,,,,,108.35,,,115.8,,,293.27,31034.13,,,,,,,
2004-12-31,,,,,105.32,,,119.03,,,306.78,30929.94,,,,,,,
2005-01-31,,,,,109.25,,,121.46,,,318.82,30420.63,,,,,,,
2005-02-28,,,,,127.34,,,120.13,,,319.71,29214.01,,,,,,,
2005-03-31,,,,,123.78,,,116.08,,,299.87,28064.5,,,,,,,
2005-04-30,,,,,116.11,,,110.21,,,303.96,29376.57,,,,,,,
2005-05-31,,,,,119.76,,,113.99,,,304.64,30051.15,,,,,,,
2005-06-30,,,,,128.12,,,122.09,,,321.29,28932.98,,,,,,,
2005-07-31,,,,,137.49,,,129.65,,,320.83,29829.84,,,,,,,
2005-08-31,,,,,146.09,,,129.65,,,308.33,31985.54,,,,,,,
2005-09-30,,,,,155.77,,,139.65,,,322.93,30058.0,,,,,,,
2005-10-31,,,,,141.83,,,126.95,,,314.0,30022.95,,,,,,,
2005-11-30,,,,,144.16,,,133.43,,,312.35,32430.07,,,,,,,
2005-12-31,,,,,146.44,,,138.84,,,298.02,30637.51,,,,,,,
2006-01-31,,,,,167.46,,,143.16,,,317.22,32980.73,,,,,,,
2006-02-28,,,,,152.24,,,145.32,,,336.17,31586.48,,,,,,,
2006-03-31,,,,,159.42,,,162.07,,,313.76,31986.15,,,,,,,
2006-04-30,,,,,168.02,,,169.09,,,311.08,28389.04,,,,,,,
2006-05-31,,,,,162.97,,,163.42,,,300.34,26729.25,,,,,,,
2006-06-30,,,,,166.34,,,163.69,,,298.2,27496.31,,,,,,,
2006-07-31,,,,,171.76,,,166.12,,,312.12,28393.2,,,,,,,
2006-08-31,,,,,164.09,,,156.66,,,335.23,30439.43,,,,,,,
2006-09-30,,,,,158.02,,,156.66,,,337.43,32393.7,,,,,,,
2006-10-31,,,,,165.39,,,167.74,,,349.81,34004.51,,,,,,,
2006-11-30,,,,,179.71,,,170.17,,,349.55,34893.34,,,,,,,
2006-12-31,,,,,174.31,,,175.57,,,354.84,35487.57,,,,,,,
2007-01-31,,,,,172.4,100.0,,179.62,,,367.06,36676.04,,,,,,,
2007-02-28,,,,,170.0,102.42,,183.41,,,374.08,33594.41,,,,,,,
2007-03-31,,,,,180.77,106.36,,184.76,,,377.75,33236.64,,,,,,,
2007-04-30,,,,,190.47,110.61,,192.59,,,387.8,35705.23,,,,,,,
2007-05-31,,,,,204.61,113.42,,198.53,,,400.76,36718.22,,,,,,,
2007-06-30,,,,,207.36,110.15,,191.24,,,391.59,35258.46,,,,,,,
2007-07-31,,,,,206.01,105.75,,187.46,,,376.79,34684.18,,,,,,,
2007-08-31,,,,,207.26,108.89,,186.38,,,363.87,34494.71,,,,,,,
2007-09-30,,,,,222.8,113.81,,203.93,,,386.34,35371.18,,,,,,,
2007-10-31,,,,,227.65,121.17,,216.09,,,376.75,44195.98,,,,,,,
2007-11-30,,,,,218.13,122.04,,203.39,,,371.27,40470.65,,,,,,,
2007-12-31,,,,,234.72,121.35,,199.88,,,377.04,42879.62,,,,,,,
2008-01-31,,,,,208.7,113.77,,180.97,,,397.38,39266.17,,,,,,,
2008-02-29,,,,,226.8,112.38,,180.97,,,410.27,32889.76,,,,,,,
2008-03-31,,,,,221.15,111.66,,163.42,,,406.22,34316.72,,,,,,,
2008-04-30,,,,,245.67,115.95,,173.41,,,441.21,34486.01,,,,,,,
2008-05-31,,,,,258.44,120.98,,183.68,,,445.88,34370.66,,,,,,,
2008-06-30,,,,,267.33,116.13,,173.14,,,401.92,33387.61,,,,,,,
2008-07-31,,,,,228.72,111.22,,170.71,,,402.22,31215.16,,,,,,,
2008-08-31,,,,,227.17,106.93,,168.82,,,421.81,33253.96,,,,,,,
2008-09-30,,,,,192.8,95.61,,149.91,,,328.88,32522.83,,,,,,,
2008-10-31,,,,,154.15,81.56,,113.99,,,273.71,27209.99,,,,,,,
2008-11-30,,,,,149.81,79.67,,101.02,,,264.62,24802.13,,,,,,,
2008-12-31,,,,,141.91,85.3,,108.04,,,301.48,23845.37,,,,,,,
2009-01-31,,,,,139.22,78.3,,103.72,,,324.24,20975.09,,,,,,,
2009-02-28,,,,,122.19,69.15,,98.59,,,276.08,19952.17,,,,,,,
2009-03-31,,,,,126.91,69.0,,100.75,,,309.9,22694.82,,,,,,,
2009-04-30,,,,,138.84,72.19,,114.26,,,332.25,25029.79,,,,,,,
2009-05-31,,,,,158.34,79.07,,116.15,,,387.79,25973.3,,,,,,,
2009-06-30,,,,,147.41,79.34,,115.61,,,397.99,29554.1,,,,,,,
2009-07-31,,,,,155.58,83.72,,131.0,,,450.94,29243.27,,,,,,,
2009-08-31,,,,,157.46,86.15,,133.7,,,453.71,30817.21,,,,,,,
2009-09-30,,,,,168.14,89.61,,141.0,,,509.21,32154.91,,,,,,,
2009-10-31,,,,,171.09,84.86,,138.57,,,462.02,34667.8,,,,,,,
2009-11-30,,,,,176.11,89.04,,141.0,,,506.39,36927.45,,,,,,,
2009-12-31,,,,,178.15,92.2,,147.21,,,520.51,38270.96,,,,,,,
2010-01-31,,,,,170.52,86.91,,144.51,,,507.5,35383.05,,,,,,,
2010-02-28,,,,,174.67,85.87,,140.46,,,508.23,36163.38,,,,,,,
2010-03-31,,,,,179.52,88.68,,147.21,,,538.61,36942.27,,,,,,,
2010-04-30,,,,,187.55,87.82,,147.21,,,555.87,38515.82,,,,,,,
2010-05-31,,,,,165.16,81.12,,132.35,,,515.83,32691.18,,,,,,,
2010-06-30,,,,,155.65,80.02,,121.55,,,543.62,29155.98,,,,,,,
2010-07-31,,,,,168.15,87.25,,133.7,,,585.1,32703.86,,,,,,,
2010-08-31,,,,,160.65,86.37,,133.7,,,604.52,29888.94,,,,,,,
2010-09-30,,,,,176.78,90.3,,150.02,,,643.81,31194.54,,,,,,,
2010-10-31,,,,,185.8,94.16,,150.84,,,641.53,33964.98,,,,,,,
2010-11-30,,,,,197.83,89.09,,147.28,,,627.88,32371.6,,,,,,,
2010-12-31,,,,,215.68,93.21,,156.04,,,640.39,35771.2,,,,,,,
2011-01-31,,,,,230.84,96.02,,156.04,,,638.05,35534.1,,,,,,,
2011-02-28,,,,,248.22,98.61,,161.52,,,639.61,34268.77,,,,,,,
2011-03-31,,,,,252.59,96.73,,160.96,,,660.65,32734.55,,,,,,,
2011-04-30,,,,,255.53,101.41,,164.57,,,681.27,33417.86,,,,,,,
2011-05-31,,,,,244.33,98.4,,159.85,,,701.89,32455.03,,,,,,,
2011-06-30,,,,,239.22,98.25,,152.91,,,687.9,33739.74,,,,,,,
2011-07-31,,,,,242.98,95.74,,147.36,,,675.83,35556.49,,,,,,,
2011-08-31,,,,,217.02,92.55,,138.76,,,692.73,34736.21,,,,,,,
2011-09-30,,,,,186.83,89.0,,126.07,,,607.82,32503.18,,,,,,,
2011-10-31,,,,,221.3,94.05,,139.29,,,649.18,34775.38,,,,,,,
2011-11-30,,,,,224.89,93.69,,130.85,,,620.9,33654.05,,,,,,,
2011-12-31,,,,,221.69,93.25,,140.7,,,664.11,34154.0,,,,,,,
2012-01-31,,,,,226.2,92.53,,139.29,,,693.54,38850.85,,,,,,,
2012-02-29,,,,,239.96,94.9,,137.35,,,696.52,42034.49,,,,,,,
2012-03-31,,,,,231.3,95.68,100.89,137.67,,,679.46,42716.52,,,,,,,
2012-04-30,,,,,228.84,94.73,102.36,139.24,,,676.43,42398.7,,,,,,,
2012-05-31,,,,,203.48,90.75,105.62,132.66,,,662.13,38913.35,,,,,,,
2012-06-30,,,,,213.95,95.58,105.22,140.1,,,693.11,40779.71,,,,101.31,,,
2012-07-31,,,,,222.33,95.05,105.44,129.66,,,743.75,39286.62,,,,103.47,,,
2012-08-31,,,,,227.27,95.58,106.5,132.95,,,749.04,41359.04,,,,103.31,,,
2012-09-30,,,,,235.26,97.39,107.06,132.22,,,757.74,39936.57,,,,104.51,,,
2012-10-31,,,,,229.54,98.37,107.35,138.49,,,762.21,38299.39,,,,106.21,,,
2012-11-30,,,,,226.48,95.07,107.35,140.4,,,762.65,36019.36,,,,106.12,,,
2012-12-31,,,,,229.18,98.17,107.62,142.74,,,824.73,36147.52,,,,107.21,,,
2013-01-31,,,,,247.53,99.64,107.34,152.42,,,823.77,37149.42,,,,107.29,,,
2013-02-28,,,,,248.34,99.39,107.83,153.88,,,836.64,37931.63,,,,107.14,,,
2013-03-31,,,,,253.94,102.93,107.86,154.26,,,791.66,39030.02,,,,106.94,,,
2013-04-30,,,,,250.67,109.59,109.27,144.47,,,803.75,45163.21,,,,108.9,,,
2013-05-31,,,,,257.39,103.17,109.32,137.95,,,743.78,47945.86,,,,107.5,,,
2013-06-30,,,,,251.99,101.93,108.14,129.05,,,732.72,47458.17,,,,104.22,,,
2013-07-31,,,,,265.15,106.12,109.02,128.75,,,712.54,43742.02,,,,105.72,,,
2013-08-31,,,,,261.18,102.44,108.66,131.12,,,682.53,46212.6,,,,103.18,,,
2013-09-30,,,,,267.39,108.9,109.25,137.57,,,714.73,46046.57,,,,104.89,,,
2013-10-31,,,,,279.51,112.96,109.23,142.98,,,738.26,48986.75,,,,107.28,,,
2013-11-30,,,,,279.98,113.44,108.99,137.57,,,725.24,53159.14,,,,106.19,,,
2013-12-31,,,,,288.36,113.83,109.6,135.17,,,718.22,52155.35,,,,105.78,,,
2014-01-31,,,,,270.69,112.71,110.91,129.76,,,692.97,52754.84,,,,108.46,,,
2014-02-28,,,,,285.76,118.03,111.28,139.67,,,731.9,53809.75,,,,109.67,,,
2014-03-31,,,,,292.88,121.65,111.0,139.8,,,750.77,57574.03,,,,110.51,,,
2014-04-30,,,,,307.73,124.43,112.38,144.67,,,773.8,56745.33,,,,111.59,,,
2014-05-31,,,,,311.67,126.62,113.74,145.91,,,754.52,57902.14,,,,113.41,,,
2014-06-30,,,,,328.35,131.72,114.71,142.84,,,749.31,58977.04,,,,113.78,,,
2014-07-31,,,,,316.07,127.79,114.81,151.05,,,730.84,61041.93,,,,112.61,,,
2014-08-31,,,,,324.47,131.75,115.81,155.61,,,728.67,64649.32,,,,115.3,,,
2014-09-30,,,,,299.06,125.87,115.61,147.29,,,701.93,65972.75,,,,113.08,,,
2014-10-31,,,,,287.13,128.75,116.69,153.91,,,700.83,66812.31,,,,114.73,,,
2014-11-30,,,,101.59,260.56,128.54,118.12,147.32,,,704.14,68468.88,,,,114.19,,,
2014-12-31,,,,102.05,259.69,127.35,120.31,149.29,,,655.6,66521.25,,,,113.62,,,
2015-01-31,,,,101.43,247.08,127.69,121.98,155.72,,,639.99,57857.02,,,,115.76,,,
2015-02-28,,,,106.6,259.2,127.28,122.49,161.35,,,642.31,63244.5,,,,117.0,,,
2015-03-31,,,,107.37,254.24,127.59,124.19,160.8,,,634.16,58636.37,,,,116.26,,,
2015-04-30,,,,108.29,272.18,132.29,121.94,162.51,,,659.48,70153.06,,,,115.92,,,
2015-05-31,,,,110.44,258.36,130.92,122.12,166.9,,,650.65,68026.13,,,,115.65,,,
2015-06-30,,,,107.31,248.82,124.21,120.91,161.26,,,642.39,64092.05,,,,113.94,,,
2015-07-31,,,,108.91,227.58,124.88,122.38,166.9,100.0,,630.4,67793.81,,,,113.57,,,
2015-08-31,,,,102.09,218.25,118.51,123.13,161.92,94.97,,598.61,63591.82,,,,113.3,,,
2015-09-30,,,,96.91,201.7,114.07,123.39,158.75,98.06,,593.16,64673.11,,,,111.54,,,
2015-10-31,,,,106.64,224.88,120.67,123.77,160.62,92.86,,628.05,76918.0,,,,114.22,,,
2015-11-30,,,,107.03,224.31,115.48,122.9,167.46,95.8,,611.52,79956.44,99.2,,,113.07,,,
2015-12-31,,,,105.08,199.37,112.83,123.42,163.75,90.37,,624.73,81618.81,99.17,,,109.57,,,
2016-01-31,,,,96.39,191.85,111.42,124.49,160.97,85.37,,595.28,81045.06,99.8,,,109.34,,,
2016-02-29,,,,96.87,187.6,111.99,125.57,162.03,86.95,,589.64,75379.0,100.27,,,111.57,,,
2016-03-31,,,,102.21,207.43,122.24,125.42,175.37,88.36,,656.7,81823.56,101.04,,,115.23,,,
2016-04-30,,,,103.97,228.75,124.64,125.54,176.95,88.01,,673.31,73882.69,101.34,,,117.32,,,
2016-05-31,,,,105.92,224.86,124.56,127.34,183.1,89.77,,664.36,79079.44,101.95,,,117.36,,,
2016-06-30,,,,103.41,231.23,128.54,129.11,175.18,85.29,,682.08,76348.94,102.65,,,119.48,,,
2016-07-31,,,,108.18,226.78,132.07,129.87,189.55,91.75,,719.87,84570.25,104.02,,,122.31,,100.61,
2016-08-31,,,,109.45,231.08,128.69,130.54,188.35,89.64,,718.56,86271.38,104.5,,,123.63,,101.54,
2016-09-30,,,,108.57,239.05,132.12,130.34,187.25,87.03,,729.83,86481.56,104.67,,,124.81,,102.73,
2016-10-31,,,,109.27,230.19,127.56,128.29,181.43,89.67,,724.52,89964.88,104.02,,,123.81,,101.66,
2016-11-30,,,,111.94,252.66,122.87,126.55,180.08,95.07,,705.94,91074.69,103.79,,,119.8,,98.52,
2016-12-31,,,,115.68,257.58,126.04,126.41,185.92,95.85,,737.61,93916.06,102.65,,,122.96,,108.47,
2017-01-31,,,,116.41,248.65,127.5,127.17,186.89,94.54,,772.76,97709.56,103.3,,,124.72,,106.41,
2017-02-28,,,,120.77,242.05,131.19,127.3,195.18,97.41,,792.37,97281.0,103.95,,,125.66,,105.69,
2017-03-31,,,,122.14,239.45,136.79,127.95,203.83,98.42,,766.49,100139.6,104.47,,,125.37,,112.6,
2017-04-30,,,,122.97,231.08,137.75,128.59,207.28,103.8,,779.46,104092.9,104.82,,,127.07,,120.24,
2017-05-31,,,,125.18,221.72,143.57,130.23,202.06,100.68,,776.04,106787.8,105.87,,,128.42,,125.69,
2017-06-30,,,,125.44,220.59,143.63,129.14,207.51,100.6,,773.11,105396.4,106.19,,,128.66,,121.33,
2017-07-31,,,,128.52,226.27,148.53,129.23,204.47,97.71,,785.52,111160.8,106.33,,,129.14,,120.53,
2017-08-31,,,,126.94,213.66,151.07,129.41,212.95,99.04,,784.14,114934.9,107.54,,,130.28,,120.97,
2017-09-30,,,,130.12,235.99,148.02,129.11,208.84,101.66,,804.98,114504.5,107.15,,,130.98,,126.95,
2017-10-31,,,,133.85,233.47,149.1,130.17,230.4,108.83,,807.06,127862.6,107.58,,,130.91,,131.27,
2017-11-30,,,,135.56,238.29,151.49,131.58,232.69,111.54,,800.11,130039.3,108.12,,,130.82,,132.5,
2017-12-31,,,,138.28,251.13,150.05,130.67,236.7,110.94,,797.36,132155.8,108.26,,,131.99,,127.91,
2018-01-31,,,,143.69,259.05,151.7,130.31,233.84,110.51,,836.63,146786.6,108.51,,,130.9,,131.66,
2018-02-28,,,,138.92,231.23,141.73,130.86,233.02,109.18,,838.77,145540.9,109.92,,,128.95,,127.89,
2018-03-31,,,,133.26,235.93,142.66,132.03,222.0,106.56,,825.0,141660.6,110.03,,,128.25,,127.07,
2018-04-30,,,,138.35,258.79,144.98,131.23,228.68,108.15,,827.19,145152.9,110.0,,,127.98,,134.62,
2018-05-31,,,,139.98,268.09,143.09,132.24,234.11,113.75,,767.33,154073.3,110.68,,,128.16,,128.51,
2018-06-30,,,,139.84,270.06,145.05,132.8,241.28,117.17,,765.45,153714.8,111.08,,,127.49,,129.02,
2018-07-31,,,,143.71,272.99,147.31,133.05,243.37,119.31,,796.99,165359.1,111.38,,,129.05,,133.75,
2018-08-31,,,,146.44,264.92,143.84,134.01,249.41,124.06,,755.16,175784.8,112.29,,,129.94,,133.34,
2018-09-30,,,100.0,147.69,271.86,142.22,133.52,248.44,123.51,,761.62,178977.2,112.29,,,129.92,,135.37,
2018-10-31,,,99.98,136.25,238.94,136.85,134.16,227.44,112.22,,740.83,167146.6,112.66,,,127.88,,123.24,
2018-11-30,,,99.82,138.49,232.16,139.35,134.43,214.62,111.82,,739.0,174291.8,112.75,,,127.51,,120.23,
2018-12-31,,,101.42,127.22,201.01,134.95,136.15,206.05,99.67,,748.0,159643.1,113.39,,,127.58,,117.55,
2019-01-31,,,102.47,136.1,224.55,146.85,137.2,217.64,110.59,,817.12,164138.3,113.83,,,131.93,,122.13,
2019-02-28,,,102.83,141.43,229.42,150.26,138.64,223.73,116.67,,830.64,176839.5,114.45,,,132.74,,127.16,
2019-03-31,,,104.6,143.07,234.7,153.82,141.0,225.51,117.85,,812.45,186168.5,115.32,,,135.47,,128.91,
2019-04-30,,,104.46,148.89,234.26,156.0,141.42,234.24,124.94,,809.19,206152.3,115.39,,,136.92,,135.98,
2019-05-31,,,105.59,140.76,206.84,153.67,143.8,232.48,122.05,,794.46,195941.7,116.4,,,134.64,,131.92,
2019-06-30,,,106.99,147.97,225.06,161.6,145.48,237.24,123.71,,827.23,212227.9,117.05,,,138.05,,138.98,
2019-07-31,,,107.77,151.6,219.63,157.74,146.55,247.14,130.0,,839.92,215887.6,117.77,,,138.83,,139.73,
2019-08-31,,,110.04,147.15,200.5,159.05,148.77,243.91,131.25,,752.27,219156.4,119.25,,,139.2,,140.16,
2019-09-30,,,109.65,150.25,208.3,162.41,148.52,251.45,133.52,,749.56,221016.4,119.14,,,140.33,,143.06,
2019-10-31,,,108.99,153.99,202.83,164.74,147.31,248.7,132.76,,751.9,227915.7,119.06,,,140.32,,145.73,
2019-11-30,,,109.01,158.59,205.02,163.23,148.56,254.9,138.04,,738.04,241469.5,119.04,,,141.09,,150.04,
2019-12-31,,,108.73,161.68,219.63,170.44,146.08,247.73,132.01,,774.28,251550.7,118.46,,,144.37,,149.38,
2020-01-31,,,110.45,164.42,193.71,172.36,149.48,257.3,140.06,,771.75,271537.6,119.38,,,143.92,,152.35,
2020-02-29,,,111.71,147.56,164.76,156.7,150.58,233.91,132.26,,734.23,259129.4,120.09,,,142.37,,141.37,
2020-03-31,,,109.26,128.32,104.52,120.9,149.74,182.65,113.4,,643.49,252251.7,118.93,,,124.78,,123.23,
2020-04-30,,,111.71,143.15,138.18,131.02,150.19,213.97,125.97,,644.38,286640.2,121.1,,109.78,131.49,,126.1,
2020-05-31,,,112.04,147.28,140.48,138.52,150.57,231.7,129.49,,672.71,293907.2,122.33,,118.15,136.66,,129.23,
2020-06-30,,,112.53,149.13,139.24,137.16,150.96,235.37,126.73,,687.38,326401.4,122.49,,120.86,137.79,,134.35,
2020-07-31,,101.62,114.14,155.15,133.4,140.58,151.66,246.56,131.71,,681.34,328807.1,122.92,,126.64,144.46,101.07,134.74,
2020-08-31,,110.06,113.07,166.24,132.57,142.71,151.05,266.16,135.13,,673.87,362598.1,124.05,,131.91,145.36,103.69,137.61,
2020-09-30,,105.27,113.83,158.01,113.01,139.32,152.51,255.03,133.89,,659.66,338160.1,124.56,,129.65,144.26,101.11,133.81,
2020-10-31,,101.95,113.8,155.39,109.09,137.13,152.9,267.64,134.15,,650.14,325523.1,124.68,,131.25,145.28,104.09,124.39,
2020-11-30,,113.03,114.31,173.27,139.68,154.59,152.81,279.43,142.19,,695.48,345086.3,123.66,,151.72,150.67,110.02,144.88,
2020-12-31,,116.49,114.5,178.73,147.02,158.82,152.36,293.96,144.83,,703.67,358546.6,123.78,,161.96,153.96,114.75,145.61,
2021-01-31,,116.06,113.91,178.68,154.3,156.17,151.63,290.63,146.27,,696.05,373925.4,123.7,,163.91,154.1,113.75,142.75,
2021-02-28,,118.7,111.35,182.58,188.95,157.35,146.28,282.68,147.22,,684.02,375461.4,121.54,,174.15,154.63,104.98,144.08,
2021-03-31,,123.95,111.26,189.34,194.67,163.75,147.16,300.52,157.71,,679.49,380938.8,122.49,,176.36,155.78,108.42,153.91,
2021-04-30,,130.85,111.36,198.11,195.5,169.48,148.08,308.99,161.73,,708.58,407452.8,122.89,,183.62,157.24,109.62,159.17,
2021-05-31,,131.5,111.56,200.15,208.3,170.66,148.49,309.83,161.77,,747.31,404342.6,122.47,,182.59,157.57,106.26,165.39,
2021-06-30,,135.11,111.93,204.74,219.14,167.63,149.33,324.34,169.31,,755.63,438707.1,122.63,,185.46,159.86,109.52,167.76,
2021-07-31,,138.29,113.51,207.62,200.08,169.01,152.0,320.99,172.38,,746.19,461395.5,122.98,,183.4,160.36,109.12,169.15,
2021-08-31,,142.64,113.53,214.58,196.38,172.19,152.16,326.16,176.57,,757.7,489819.1,122.3,,188.02,161.14,114.26,175.27,
2021-09-30,,136.2,112.12,208.7,216.02,169.33,149.84,324.38,175.79,,752.51,457432.8,121.78,,181.28,161.13,114.34,170.88,
2021-10-31,,147.31,111.78,215.57,237.42,176.53,144.93,328.42,175.76,,755.21,538074.5,119.66,,193.62,161.06,113.01,168.58,
2021-11-30,,147.4,112.1,217.13,223.77,167.22,147.18,331.89,184.21,,720.27,537383.9,120.2,,185.96,158.99,110.05,168.84,
2021-12-31,,153.44,111.74,222.01,229.65,176.93,147.66,354.62,187.37,,727.96,546698.2,120.73,,190.52,162.58,112.77,173.25,
2022-01-31,,145.82,109.96,207.57,269.81,176.41,145.83,321.11,174.96,,732.45,505507.1,119.96,,173.84,158.54,103.29,172.9,
2022-02-28,,141.91,108.36,201.54,290.05,178.76,144.05,319.67,169.85,,700.45,486697.4,119.49,,174.95,157.17,102.92,154.45,
2022-03-31,,147.57,105.32,213.79,319.15,189.42,139.13,344.05,173.24,,703.31,502204.6,118.12,,177.72,154.88,104.18,153.58,
2022-04-30,,133.74,102.68,200.8,313.81,183.06,136.31,340.75,172.17,,633.49,452050.8,117.07,,162.03,149.09,102.52,146.97,
2022-05-31,,134.45,102.24,196.3,361.49,191.05,135.56,333.84,169.42,,624.56,443928.3,117.47,,161.18,150.8,97.2,151.47,
2022-06-30,,123.65,99.74,178.96,299.63,176.49,133.41,303.32,159.94,,570.99,419369.9,116.62,,145.5,140.46,94.13,140.21,
2022-07-31,,134.74,102.93,191.72,331.26,183.32,137.98,327.81,170.82,,554.72,458411.7,118.24,,161.63,149.53,99.33,141.84,
2022-08-31,,128.94,99.83,188.76,341.86,179.41,134.52,343.8,171.12,,545.27,427854.9,117.2,,156.81,144.35,100.48,138.13,
2022-09-30,,116.63,95.9,171.99,309.68,157.79,132.39,322.0,164.91,,483.01,381104.6,116.26,,141.92,138.74,94.91,131.15,
2022-10-31,,126.91,95.68,182.9,384.07,166.74,133.86,337.77,174.57,,501.22,379844.6,116.06,,154.71,143.06,97.08,149.26,
2022-11-30,,133.9,97.5,187.9,389.1,181.41,135.79,343.14,167.96,,571.02,418671.3,116.71,,162.62,147.73,99.43,162.07,
2022-12-31,,126.2,96.88,182.54,374.01,176.03,133.15,324.61,161.42,,615.32,393532.0,116.3,,152.85,145.38,99.27,160.39,
2023-01-31,,134.33,98.19,191.24,385.12,184.8,136.7,352.43,168.07,,645.16,406643.2,118.1,,168.02,150.79,103.61,169.31,
2023-02-28,,130.61,96.59,190.73,359.58,178.01,134.95,339.92,174.26,,597.56,410318.5,116.76,,164.66,148.56,102.66,177.55,
2023-03-31,,136.3,98.31,193.16,355.58,182.92,139.04,324.9,166.16,,583.98,474279.8,118.11,,159.11,151.28,102.12,185.28,
2023-04-30,,139.06,98.43,196.81,364.02,187.65,139.12,335.91,167.35,,588.05,505470.6,118.81,,157.47,151.89,102.95,194.46,
2023-05-31,,140.37,98.15,197.99,329.56,177.04,137.72,337.66,170.17,104.06,577.37,541401.1,118.49,,153.54,150.09,101.69,189.88,
2023-06-30,,149.36,97.94,206.85,354.48,181.9,135.1,343.81,178.33,106.43,609.83,561432.4,118.49,,167.86,153.11,102.82,192.98,
2023-07-31,,154.57,97.82,214.22,383.88,185.48,135.53,354.98,183.58,110.0,624.93,553815.5,118.44,,174.67,155.24,103.37,198.45,
2023-08-31,,152.1,97.23,211.2,391.35,176.62,136.58,352.05,183.58,111.34,609.44,541509.4,118.51,,169.26,155.52,99.56,196.36,
2023-09-30,,144.46,95.15,203.1,400.64,167.89,134.67,333.0,175.69,106.81,561.7,521667.1,118.22,,160.01,153.08,97.25,184.13,
2023-10-31,,141.9,94.73,195.54,379.14,163.63,132.05,314.38,167.94,105.0,558.77,558609.4,118.1,,151.02,151.73,92.9,181.8,
2023-11-30,,154.69,97.9,212.5,374.66,178.94,136.09,322.26,176.05,110.24,618.46,627287.0,120.07,,164.81,158.57,98.28,195.45,
2023-12-31,,161.45,101.01,221.96,374.03,186.46,139.76,347.63,185.63,112.48,639.06,622535.9,122.41,,180.91,164.0,101.8,197.8,
2024-01-31,,163.83,100.35,227.27,371.1,179.76,139.72,338.52,189.72,119.25,650.09,658195.5,121.79,,177.3,164.56,102.27,207.44,91.25
2024-02-29,,171.97,99.33,235.27,382.96,181.14,139.56,354.37,195.9,124.03,671.32,686036.8,121.83,,189.04,164.77,101.08,219.97,133.01
2024-03-31,,177.5,100.02,243.84,423.14,188.76,140.99,372.71,208.65,128.12,699.27,697779.4,122.5,,197.46,166.79,104.1,229.94,151.97
2024-04-30,,171.26,98.88,238.51,418.83,187.15,138.28,369.13,203.83,125.03,682.38,645718.1,121.83,,184.23,164.96,103.25,222.04,126.06
2024-05-31,,180.55,98.88,243.7,419.47,199.74,138.92,365.41,197.93,125.93,712.5,689728.6,122.5,,190.32,167.58,100.97,224.71,144.76
2024-06-30,,186.73,99.88,252.47,412.91,193.45,139.73,361.12,198.01,130.6,704.94,742596.9,123.76,,188.62,168.44,101.32,218.81,128.2
2024-07-31,,188.91,101.52,252.33,422.95,201.84,142.07,379.63,212.83,133.71,747.03,695078.9,125.33,,199.0,172.19,107.08,224.6,139.62
2024-08-31,,192.99,102.91,257.14,412.46,211.12,143.73,382.88,205.15,131.41,773.62,694302.8,126.13,,199.03,174.85,106.91,222.28,125.31
2024-09-30,,196.09,104.03,261.49,399.83,218.37,144.25,394.1,207.06,131.59,790.72,716207.0,127.02,,203.03,176.69,108.03,225.03,135.67
2024-10-31,,193.94,102.1,263.03,403.65,216.75,141.43,388.79,222.51,138.12,746.76,676343.8,126.81,98.05,202.91,175.06,109.24,221.95,149.38
2024-11-30,,205.41,103.28,271.96,438.06,224.01,142.88,412.58,240.74,143.47,740.28,706239.0,127.19,99.66,224.56,178.07,113.35,213.02,207.32
2024-12-31,,199.26,102.2,267.28,399.29,213.25,143.53,398.68,232.72,147.26,714.26,702970.2,127.87,96.38,207.94,176.82,114.04,224.43,199.21
2025-01-31,104.15,202.51,102.41,277.81,406.93,217.1,143.89,416.11,246.42,152.73,769.92,692229.8,127.91,106.38,217.32,179.16,112.09,243.37,216.71
2025-02-28,108.48,200.5,104.01,270.45,416.71,218.11,145.38,401.35,237.68,149.34,759.7,663413.4,128.21,122.98,208.25,180.77,108.78,249.73,179.87
2025-03-31,115.07,189.31,103.53,258.11,430.07,223.44,145.58,384.74,221.88,141.97,769.12,627317.3,128.6,133.32,195.15,178.7,105.65,252.49,175.78
2025-04-30,101.01,186.2,104.28,257.81,371.09,231.26,147.9,388.24,213.81,140.71,782.01,660522.4,129.26,142.14,191.38,178.52,102.39,254.7,200.94
2025-05-31,95.81,196.85,104.08,273.97,378.68,241.79,147.91,410.36,225.93,149.18,820.76,770720.9,129.24,161.15,202.14,181.59,106.6,265.91,223.28
2025-06-30,98.52,207.82,104.71,284.42,398.02,246.2,149.39,411.03,231.3,153.19,880.25,832748.6,129.97,171.57,211.63,185.05,108.71,268.94,229.85
2025-07-31,107.07,213.41,104.65,293.76,409.15,245.83,149.24,433.26,242.05,159.17,881.48,893169.6,130.54,165.36,215.43,185.42,111.18,268.91,249.04
2025-08-31,112.12,218.29,105.04,298.19,423.98,250.66,149.7,464.1,247.0,160.4,918.22,849681.3,131.91,167.35,224.74,187.68,111.93,269.81,230.72
2025-09-30,131.38,226.29,106.03,305.37,423.84,254.46,149.79,482.59,250.83,162.76,931.09,868563.5,132.83,186.75,226.63,189.62,114.17,275.52,244.09
2025-10-31,131.56,232.59,106.7,315.18,419.4,253.84,150.26,485.59,251.98,168.79,977.59,868328.9,133.26,176.38,228.27,189.65,116.55,282.54,233.95
2025-11-30,143.91,234.19,107.12,314.21,429.94,262.6,149.0,482.98,251.49,168.34,986.39,826633.4,132.93,160.63,232.97,190.96,116.12,281.95,193.58
2025-12-31,143.42,236.03,106.92,318.8,427.54,259.67,147.79,482.04,254.11,166.92,1037.85,812537.4,132.66,168.18,233.39,192.01,117.15,285.41,186.44
2026-01-31,141.31,240.32,106.66,322.33,488.21,272.59,148.34,492.91,246.41,162.68,1092.33,722936.8,132.58,181.87,243.24,193.23,115.36,284.44,178.33
2026-02-28,141.66,237.96,108.25,325.7,535.06,293.1,149.69,499.8,252.56,160.74,1125.98,661355.3,133.59,186.14,252.17,193.38,118.22,288.1,139.65
2026-03-31,131.71,225.66,105.89,300.82,590.83,282.93,147.45,457.47,248.09,153.86,988.35,623348.4,132.18,162.63,237.8,191.4,111.13,261.66,144.27
2026-04-30,133.03,249.1,105.93,328.41,579.02,289.75,147.53,472.07,260.97,162.33,1071.84,686682.1,132.84,162.71,259.76,194.44,110.73,266.65,162.67
2026-05-31,135.5,259.78,106.91,348.64,543.23,281.71,149.8,474.58,264.57,171.78,1075.02,759828.9,133.45,170.09,270.12,195.41,114.23,281.57,156.33
2026-06-30,151.58,261.59,107.61,347.21,516.11,284.78,151.43,491.33,284.36,176.85,1133.38,629511.8,134.52,168.38,279.64,195.81,116.94,297.08,125.01
2026-07-31,156.63,260.77,106.44,350.31,577.44,286.13,150.61,484.95,274.48,174.69,1125.74,784265.4,133.67,179.44,272.72,195.54,118.12,298.46,133.83
2026-08-31,167.01,268.95,106.31,359.47,619.38,278.98,150.28,512.67,274.82,176.22,1155.3,857726.2,134.25,177.12,276.81,197.36,119.88,299.94,167.74
2026-09-23,166.9,268.88,105.56,361.23,599.34,270.83,149.18,510.85,277.37,178.07,1122.82,842018.6,133.94,171.65,271.82,195.83,119.38,290.52,183.36
